Id,Question,Response
13,invoice cancellation,<h3>invoice cancellation</h3> <br/> <p> To cancel an invoice in SAP, follow these steps:<br/> <ol> <li>Go to the Customer Invoicing work center.</li> <li>Under Invoices and Credit Memos, select the invoice you want to cancel.</li> <li>Choose Cancel.</li> <li>On the New Cancellation - Invoice screen, choose Save.</li> </ol> This will generate a cancellation invoice and change the status of the original invoice to Canceled in the Receivables work center. Invoices and associated payment amounts can only be canceled in full.</p> <br/> <p>Thank you for your question!</p>
52,Safety stock in material,<h3>Safety stock in material</h3>  <p>Apologies, I couldn't give you a complete answer. Can you provide more specific details or refine your question?</p>
132,why print preview of dunning proposal shows dunning letter instead of reminder letter?, <h3>Why does the print preview of the dunning proposal show a dunning letter instead of a reminder letter?</h3>  <p> When reviewing the dunning proposal in the print preview, it will display the dunning letter instead of the reminder letter because the system generates dunning notices based on the dunning strategy defined in the configuration. The dunning run determines the type of communication to be sent to customers based on the overdue payment items. If you are expecting a reminder letter instead of a dunning letter, you may need to review and adjust the dunning strategy settings in the Business Configuration work center under Cash Flow Management. </p>  <p> It's important to ensure that the correct dunning strategy is defined to generate the desired type of communication for overdue payments. If you need further assistance or clarification, feel free to provide more details. </p>  <p> Thank you for your question! </p>
302,Italy Customer Down Payment,<h3>Italy Customer Down Payment</h3> <br/> <p>     Apologies, I couldn't give you a complete answer. Can you please provide more specific details or clarify your question further? </p>
322,employee time calendars not posted into accounting,<h3>Employee Time Calendars Not Posted into Accounting</h3> <br/> <p> Apologies, I couldn't give you a complete answer. Can you be more specific?</p>
800,Where we can see tax adjustment configuration for mexico,<h3>Where we can see tax adjustment configuration for Mexico?</h3>  <p>     Apologies, I couldn't give you a complete answer. Can you be more specific? </p>
1127,How to define a sorting rule to sort the products in supply task,<h3>How to define a sorting rule to sort the products in supply task</h3> <br/> <p> To define a sorting rule to sort the products in a supply task in SAP Business ByDesign, follow these steps: <ol> <li>Go to the Planning and Production Master Data work center.</li> <li>Access the Bill of Operations tab in the Production Model view.</li> <li>Set up the sorting rule under the BoO Details tab.</li> <li>Define the criteria for sorting the products based on your requirements.</li> <li>Save the changes to apply the sorting rule to the supply tasks.</li> </ol> Thank you for your question! </p>
1417,Why Employee ID field shows not assigned in Aging List for Payables report ?,<h3>Why Employee ID field shows not assigned in Aging List for Payables report?</h3> <br/> <p>     In the Aging List for Payables report, the Employee ID field shows as "not assigned" because this report is specifically designed to display overdue payables for suppliers, not for internal employees. The report focuses on displaying overdue payables according to a specific key date and aging period for suppliers, not for employees. Therefore, the concept of Employee ID is not relevant in this context. </p> <br/> <p>     Thank you for your question. </p>
1490,logic behind the result row UOM defined in purchasing documents line items report, <h3>Logic behind the result row UOM defined in purchasing documents line items report</h3>  <p> The UOM (Unit of Measure) defined in the result row of the Purchasing Documents - Line Items report is based on the equivalent measurements between the base UOM and the different process UOM. This allows for a clear understanding of the quantities associated with each purchasing document item. The report displays the purchasing document line items along with associated G/L accounts, posting dates, amounts, and valuation quantities, providing a detailed view of the transactions. The UOM ensures consistency and accuracy in tracking and analyzing purchasing document data. </p>  <p> Thank you for your question. </p>
1620,When customer is Login into traditional Chinese language  Go to Audit WorkCentre click on or open the Report List  GO to Travel & Expense WorkCentre click on Report List. We are getting 500 internal error,<h3>500 internal error when opening Report List in Audit and Travel & Expense work centers (Traditional Chinese)</h3> <br/> <br/> <p> To handle system errors in financials work centers, the system creates an “Error Occurred in a Work Center” task for the General Ledger accountant.<br/><br/> <ol> <li>Open the General Ledger work center and check your worklist for a task whose title reflects the error symptom.</li> <li>Open the task and review the Details section for specific error analysis and instructions.</li> <li>Use the task links to view affected business transactions and their source documents.</li> <li>Post single business transactions if guided, or complete the task to let the system post all related transactions automatically in the background.</li> <li>If you cannot resolve it, contact the persons involved in the affected process and/or your system administrator, or forward the task to the relevant person.</li> </ol> This task is mandatory and supports period-end closing; if not completed, it can
1933,opening Inventory Valuation > Material Cost Accumulation giving memory error even though memory got extended what could be the reason,<h3>Memory error when opening Inventory Valuation > Material Cost Accumulation</h3> <br/> <br/> <p> Apologies, I couldnt give you a complete answer. Can you be more specific? </p>
3332,Hello, the customer C00256 was created on 2026/06/25, but in the “Changes” tab, a change record dated 2025/12/29 is displayed, as shown in the attachment. Kindly help to check this. Thank you.,<h3>Why a 2025/12/29 change appears for customer C00256 created on 2026/06/25</h3> <br/> <br/> <p> Apologies, I couldnt give you a complete answer. Can you be more specific? Thank you for your question. </p>
3427,576 - Export Sale (IGST) - LUT/Bond,<h3>Clarification on 576 - Export Sale (IGST) - LUT/Bond</h3> <br/> <br/> <p> Apologies, I couldnt give you a complete answer. Can you be more specific? </p>
3492,I was getting the following error while trying add a product to the service order, "You cannot change the data in .Refresh screen and try again",<h3>Error adding a product to a service order</h3> <br/> <br/> <p> Apologies, I couldnt give you a complete answer. Can you be more specific? </p>
3776,on what condition deferred quantity will copy while coping project invoice request,<h3>Condition for deferred quantity to be copied when copying a project invoice request</h3> <br/> <br/> <p> Deferred quantity is considered during “copying” only when you use Cancel and Copy on a project invoice request that is in Released status. In this case, the system creates a new project invoice request where the To Be Invoiced quantity equals the sum of the previous To Be Invoiced and Deferred quantities; the Written-Off quantity remains unchanged. <ol> <li>Ensure the project invoice request is in Released status (Cancel and Copy is enabled only then).</li> <li>Choose Cancel and Copy. The old request is canceled, items are copied, and the prior Deferred quantity is added to the To Be Invoiced quantity in the new request.</li> </ol> If you meant a different copying scenario, please refine your question for more focused guidance. Thank you for your question. </p>
2571,Issue with Credit Memo Splitting When Created via Follow-Up from Customer Invoice,Apologies, I couldnt give you a complete answer. Can you be more specific?
2628,Creation since date field function,<h3>Clarification on the “Creation since date” field function</h3> <br/> <br/> <p> Your request is ambiguous. Here are related date fields and their functions that might match what you mean: <ol> <li>Creation date (source documents): Automatically set to the current system date, cannot be overwritten, and is not used to derive the posting date.</li> <li>Effective-From date (Org Structures): Loads and controls the version you edit; all changes are effective from this date.</li> <li>Start date (Org Structures): The initial effective-from date for the entire org structure; choose carefully before setup.</li> <li>History Start Date (Software History report): Filters software changes; default is exactly one year before today.</li> <li>Lease Contract dates: Inception Date (informational commitment date) and Start Date (actual commencement for use and valuation).</li> <li>Posting date (Accounting): Determines fiscal period; entered or derived per process, distinct from creation date.</li> </ol> Please specify th
3038,Customer requests more memory for a tenant on private cloud,<h3>Request to increase memory for a private cloud tenant</h3> <br/> <br/> <p> Apologies, I couldnt give you a complete answer. Can you be more specific? </p>